{"cameraMode":{"drawMode":0,"name":"Shaded","section":"Shading Mode"},"sceneLighting":false,"audioPlay":false,"sceneViewState":{"m_AlwaysRefresh":false,"showFog":true,"showSkybox":true,"showFlares":true,"showImageEffects":true,"showParticleSystems":true,"showVisualEffectGraphs":true,"m_FxEnabled":false},"in2DMode":false,"pivot":{"x":-1.786776065826416,"y":-0.11417827010154724,"z":-0.5158960223197937},"rotation":{"x":0.052779242396354678,"y":0.013474804349243641,"z":-0.0007059108465909958,"w":0.9984973669052124},"size":0.9023732542991638,"orthographic":false}