{"cameraMode":{"drawMode":0,"name":"Shaded","section":"Shading Mode"},"sceneLighting":false,"audioPlay":false,"sceneViewState":{"m_AlwaysRefresh":false,"showFog":true,"showSkybox":true,"showFlares":true,"showImageEffects":true,"showParticleSystems":true,"showVisualEffectGraphs":true,"m_FxEnabled":false},"in2DMode":false,"pivot":{"x":-2.343874216079712,"y":0.454708456993103,"z":-0.3242894411087036},"rotation":{"x":0.052779242396354678,"y":0.013474804349243641,"z":-0.0007059108465909958,"w":0.9984973669052124},"size":2.4942827224731447,"orthographic":false}